[
	{
		"EstimatedTime": 5,
		"StepName": "Start the program and run the tests, the tests will fail and that's ok, you will correct them as the test runs through"
	},
	{
		"EstimatedTime": 5,
		"StepName": "You will need to manipulate an object and returning the right number. The data is set in Step1.test and the file must not be modified, only the Step1 file should change."
	},
	{
		"EstimatedTime": 2,
		"StepName": "In this step you make an API call and handle the response. The api file in the Step2 folder must not be modified but you can edit Step2 and Step2.test to get things done."
	},
	{
		"EstimatedTime": 5,
		"StepName": "Now let's fiddle a bit with functions. The test is valid but you should convert the Step3 file to use an arrow function rather than a classic function."
	},
    {
		"EstimatedTime": 5,
		"StepName": "Now we will begin to explore React. Inside the <body> tag in the App component display a List of Item with the following values : rock, paper, shotgun. Use the components in the Step4 Folder."
	},
    {
		"EstimatedTime": 5,
		"StepName": "Let's dive a little deeper in React! You now need to update the previous components to grab the data from a simulated api call. Use the api file in the Step5 folder to get the data"
	}
]